{"cameraMode":{"drawMode":0,"name":"Shaded","section":"Shading Mode"},"sceneLighting":true,"audioPlay":false,"sceneViewState":{"showFog":true,"showMaterialUpdate":false,"showSkybox":true,"showFlares":true,"showImageEffects":true,"showParticleSystems":true},"in2DMode":false,"pivot":{"x":-2.7754061222076418,"y":3.697017192840576,"z":6.115294933319092},"rotation":{"x":-0.16328148543834687,"y":-0.6784053444862366,"z":0.1588885635137558,"w":-0.6987236142158508},"size":0.6666744351387024,"orthographic":false}