{"cameraMode":{"drawMode":0,"name":"Shaded","section":"Shading Mode"},"sceneLighting":true,"audioPlay":false,"sceneViewState":{"showFog":true,"showMaterialUpdate":false,"showSkybox":true,"showFlares":true,"showImageEffects":true,"showParticleSystems":true},"in2DMode":false,"pivot":{"x":-6.168977737426758,"y":2.7913706302642824,"z":11.188629150390625},"rotation":{"x":0.23748375475406648,"y":0.553176760673523,"z":-0.16825003921985627,"w":0.7806089520454407},"size":2.3153879642486574,"orthographic":false}