{"cameraMode":{"drawMode":0,"name":"Shaded","section":"Shading Mode"},"sceneLighting":true,"audioPlay":false,"sceneViewState":{"showFog":true,"showMaterialUpdate":false,"showSkybox":true,"showFlares":true,"showImageEffects":true,"showParticleSystems":true},"in2DMode":false,"pivot":{"x":0.0032007063273340465,"y":0.4281291663646698,"z":-0.3336743712425232},"rotation":{"x":-0.16997084021568299,"y":-0.18136361241340638,"z":0.03202705457806587,"w":-0.9682555794715881},"size":0.5635795593261719,"orthographic":false}